{"training_loss": 4.635431915521622, "_timestamp": 1666425239, "_runtime": 187, "_step": 1, "validation_accuracy": 0.1484375, "validation_loss": 4.178186416625977}