{"training_loss": 4.65736922621727, "_timestamp": 1666425344, "_runtime": 89, "_step": 1, "validation_accuracy": 0.25, "validation_loss": 4.282887816429138}